,Laureate_ID,Full_Name,Birth_Date,Sex
0,160,Jacobus Henricus van 't Hoff,1852-08-30,Male
1,569,Sully Prudhomme,1839-03-16,Male
2,293,Emil Adolf von Behring,1854-03-15,Male
3,462,Jean Henry Dunant,1828-05-08,Male
4,463,Frédéric Passy,1822-05-20,Male
5,1,Wilhelm Conrad Röntgen,1845-03-27,Male
6,161,Hermann Emil Fischer,1852-10-09,Male
7,571,Christian Matthias Theodor Mommsen,1817-11-30,Male
8,294,Ronald Ross,1857-05-13,Male
9,464,Élie Ducommun,1833-02-19,Male
10,465,Charles Albert Gobat,1843-05-21,Male
11,2,Hendrik Antoon Lorentz,1853-07-18,Male
12,3,Pieter Zeeman,1865-05-25,Male
13,162,Svante August Arrhenius,1859-02-19,Male
14,572,Bjørnstjerne Martinus Bjørnson,1832-12-08,Male
15,295,Niels Ryberg Finsen,1860-12-15,Male
16,466,William Randal Cremer,1828-03-18,Male
17,4,Antoine Henri Becquerel,1852-12-15,Male
18,5,Pierre Curie,1859-05-15,Male
19,6,"Marie Curie, née Sklodowska",1867-11-07,Female
20,163,Sir William Ramsay,1852-10-02,Male
21,573,Frédéric Mistral,1830-09-08,Male
22,574,José Echegaray y Eizaguirre,1832-04-19,Male
23,296,Ivan Petrovich Pavlov,1849-09-14,Male
24,467,Institut de droit international (Institute of International Law),,
25,8,Lord Rayleigh (John William Strutt),1842-11-12,Male
26,164,Johann Friedrich Wilhelm Adolf von Baeyer,1835-10-31,Male
27,575,Henryk Sienkiewicz,1846-05-05,Male
28,297,Robert Koch,1843-12-11,Male
29,468,"Baroness Bertha Sophie Felicita von Suttner, née Countess Kinsky von Chinic und Tettau",1843-06-09,Female
30,9,Philipp Eduard Anton von Lenard,1862-06-07,Male
31,165,Henri Moissan,1852-09-28,Male
32,576,Giosuè Carducci,1835-07-27,Male
33,298,Camillo Golgi,1843-07-07,Male
34,299,Santiago Ramón y Cajal,1852-05-01,Male
35,470,Theodore Roosevelt,1858-10-27,Male
36,10,Joseph John Thomson,1856-12-18,Male
37,166,Eduard Buchner,1860-05-20,Male
38,577,Rudyard Kipling,1865-12-30,Male
39,300,Charles Louis Alphonse Laveran,1845-06-18,Male
40,471,Ernesto Teodoro Moneta,1833-09-20,Male
41,472,Louis Renault,1843-05-21,Male
42,11,Albert Abraham Michelson,1852-12-19,Male
43,167,Ernest Rutherford,1871-08-30,Male
44,578,Rudolf Christoph Eucken,1846-01-05,Male
45,301,Ilya Ilyich Mechnikov,1845-05-15,Male
46,302,Paul Ehrlich,1854-03-14,Male
47,302,Paul Ehrlich,1854-03-14,Male
48,473,Klas Pontus Arnoldson,1844-10-27,Male
49,474,Fredrik Bajer,1837-04-21,Male
50,12,Gabriel Lippmann,1845-08-16,Male
51,168,Wilhelm Ostwald,1853-09-02,Male
52,579,Selma Ottilia Lovisa Lagerlöf,1858-11-20,Female
53,303,Emil Theodor Kocher,1841-08-25,Male
54,475,Auguste Marie François Beernaert,1829-07-26,Male
55,476,"Paul Henri Benjamin Balluet d'Estournelles de Constant, Baron de Constant de Rebecque",1852-11-22,Male
56,13,Guglielmo Marconi,1874-04-25,Male
57,14,Karl Ferdinand Braun,1850-06-06,Male
58,169,Otto Wallach,1847-03-27,Male
59,580,Paul Johann Ludwig Heyse,1830-03-15,Male
60,304,Albrecht Kossel,1853-09-16,Male
61,477,Bureau international permanent de la Paix (Permanent International Peace Bureau),,
62,15,Johannes Diderik van der Waals,1837-11-23,Male
63,6,"Marie Curie, née Sklodowska",1867-11-07,Female
64,581,Count Maurice (Mooris) Polidore Marie Bernhard Maeterlinck,1862-08-29,Male
65,305,Allvar Gullstrand,1862-06-05,Male
66,478,Tobias Michael Carel Asser,1838-04-28,Male
67,479,Alfred Hermann Fried,1864-11-11,Male
68,16,Wilhelm Wien,1864-01-13,Male
69,172,Victor Grignard,1871-05-06,Male
70,173,Paul Sabatier,1854-11-05,Male
71,582,Gerhart Johann Robert Hauptmann,1862-11-15,Male
72,306,Alexis Carrel,1873-06-28,Male
73,480,Elihu Root,1845-02-15,Male
74,17,Nils Gustaf Dalén,1869-11-30,Male
75,174,Alfred Werner,1866-12-12,Male
76,583,Rabindranath Tagore,1861-05-07,Male
77,307,Charles Robert Richet,1850-08-26,Male
78,481,Henri La Fontaine,1854-04-22,Male
79,18,Heike Kamerlingh Onnes,1853-09-21,Male
80,175,Theodore William Richards,1868-01-31,Male
81,308,Robert Bárány,1876-04-22,Male
82,19,Max von Laue,1879-10-09,Male
83,176,Richard Martin Willstätter,1872-08-13,Male
84,584,Romain Rolland,1866-01-29,Male
85,20,Sir William Henry Bragg,1862-07-02,Male
86,21,William Lawrence Bragg,1890-03-31,Male
87,585,Carl Gustaf Verner von Heidenstam,1859-07-06,Male
88,586,Karl Adolph Gjellerup,1857-06-02,Male
89,587,Henrik Pontoppidan,1857-07-24,Male
90,482,Comité international de la Croix Rouge (International Committee of the Red Cross),,
91,22,Charles Glover Barkla,1877-06-07,Male
92,177,Fritz Haber,1868-12-09,Male
93,23,Max Karl Ernst Ludwig Planck,1858-04-23,Male
94,588,Carl Friedrich Georg Spitteler,1845-04-24,Male
95,309,Jules Bordet,1870-06-13,Male
96,483,Thomas Woodrow Wilson,1856-12-28,Male
97,24,Johannes Stark,1874-04-15,Male
98,178,Walther Hermann Nernst,1864-06-25,Male
99,589,Knut Pedersen Hamsun,1859-08-04,Male
100,310,Schack August Steenberg Krogh,1874-11-15,Male
101,484,Léon Victor Auguste Bourgeois,1851-05-21,Male
102,25,Charles Edouard Guillaume,1861-02-15,Male
103,179,Frederick Soddy,1877-09-02,Male
104,590,Anatole France,1844-04-16,Male
105,485,Karl Hjalmar Branting,1860-11-23,Male
106,486,Christian Lous Lange,1869-09-17,Male
107,26,Albert Einstein,1879-03-14,Male
108,180,Francis William Aston,1877-09-01,Male
109,592,Jacinto Benavente,1866-08-12,Male
110,311,Archibald Vivian Hill,1886-09-26,Male
111,312,Otto Fritz Meyerhof,1884-04-12,Male
112,487,Fridtjof Nansen,1861-10-10,Male
113,27,Niels Henrik David Bohr,1885-10-07,Male
114,181,Fritz Pregl,1869-09-03,Male
115,593,William Butler Yeats,1865-06-13,Male
116,313,Frederick Grant Banting,1891-11-14,Male
117,314,John James Rickard Macleod,1876-09-06,Male
118,28,Robert Andrews Millikan,1868-03-22,Male
119,594,Wladyslaw Stanislaw Reymont,1867-05-07,Male
120,315,Willem Einthoven,1860-05-21,Male
121,29,Karl Manne Georg Siegbahn,1886-12-03,Male
122,182,Richard Adolf Zsigmondy,1865-04-01,Male
123,596,George Bernard Shaw,1856-07-26,Male
124,488,Sir Austen Chamberlain,1863-10-16,Male
125,489,Charles Gates Dawes,1865-08-27,Male
126,30,James Franck,1882-08-26,Male
127,31,Gustav Ludwig Hertz,1887-07-22,Male
128,183,The (Theodor) Svedberg,1884-08-30,Male
129,597,Grazia Deledda,1871-09-27,Female
130,316,Johannes Andreas Grib Fibiger,1867-04-23,Male
131,490,Aristide Briand,1862-03-28,Male
132,491,Gustav Stresemann,1878-05-10,Male
133,32,Jean Baptiste Perrin,1870-09-30,Male
134,184,Heinrich Otto Wieland,1877-06-04,Male
135,600,Henri Bergson,1859-10-18,Male
136,317,Julius Wagner-Jauregg,1857-03-07,Male
137,492,Ferdinand Buisson,1841-12-20,Male
138,493,Ludwig Quidde,1858-03-23,Male
139,33,Arthur Holly Compton,1892-09-10,Male
140,34,Charles Thomson Rees Wilson,1869-02-14,Male
141,185,Adolf Otto Reinhold Windaus,1876-12-25,Male
142,601,Sigrid Undset,1882-05-20,Female
143,318,Charles Jules Henri Nicolle,1866-09-21,Male
144,35,Owen Willans Richardson,1879-04-26,Male
145,186,Arthur Harden,1865-10-12,Male
146,187,Hans Karl August Simon von Euler-Chelpin,1873-02-15,Male
147,602,Thomas Mann,1875-06-06,Male
148,319,Christiaan Eijkman,1858-08-11,Male
149,320,Sir Frederick Gowland Hopkins,1861-06-20,Male
150,494,Frank Billings Kellogg,1856-12-22,Male
151,36,Prince Louis-Victor Pierre Raymond de Broglie,1892-08-15,Male
152,188,Hans Fischer,1881-07-27,Male
153,603,Sinclair Lewis,1885-02-07,Male
154,321,Karl Landsteiner,1868-06-14,Male
155,495,Lars Olof Jonathan (Nathan) Söderblom,1866-01-15,Male
156,37,Sir Chandrasekhara Venkata Raman,1888-11-07,Male
157,189,Carl Bosch,1874-08-27,Male
158,189,Carl Bosch,1874-08-27,Male
159,190,Friedrich Bergius,1884-10-11,Male
160,190,Friedrich Bergius,1884-10-11,Male
161,604,Erik Axel Karlfeldt,1864-07-20,Male
162,322,Otto Heinrich Warburg,1883-10-08,Male
163,496,Jane Addams,1860-09-06,Female
164,497,Nicholas Murray Butler,1862-04-02,Male
165,191,Irving Langmuir,1881-01-31,Male
166,605,John Galsworthy,1867-08-14,Male
167,323,Sir Charles Scott Sherrington,1857-11-27,Male
168,324,Edgar Douglas Adrian,1889-11-30,Male
169,38,Werner Karl Heisenberg,1901-12-05,Male
170,606,Ivan Alekseyevich Bunin,1870-10-22,Male
171,325,Thomas Hunt Morgan,1866-09-25,Male
172,498,Sir Norman Angell (Ralph Lane),1872-12-26,Male
173,39,Erwin Schrödinger,1887-08-12,Male
174,40,Paul Adrien Maurice Dirac,1902-08-08,Male
175,192,Harold Clayton Urey,1893-04-29,Male
176,607,Luigi Pirandello,1867-06-28,Male
177,326,George Hoyt Whipple,1878-08-28,Male
178,327,George Richards Minot,1885-12-02,Male
179,328,William Parry Murphy,1892-02-06,Male
180,328,William Parry Murphy,1892-02-06,Male
181,499,Arthur Henderson,1863-09-13,Male
182,193,Frédéric Joliot,1900-03-19,Male
183,194,Irène Joliot-Curie,1897-09-12,Female
184,329,Hans Spemann,1869-06-27,Male
185,500,Carl von Ossietzky,1889-10-03,Male
186,41,James Chadwick,1891-10-20,Male
187,195,Petrus (Peter) Josephus Wilhelmus Debye,1884-03-24,Male
188,195,Petrus (Peter) Josephus Wilhelmus Debye,1884-03-24,Male
189,608,Eugene Gladstone O'Neill,1888-10-16,Male
190,330,Sir Henry Hallett Dale,1875-06-09,Male
191,331,Otto Loewi,1873-06-03,Male
192,501,Carlos Saavedra Lamas,1878-11-01,Male
193,42,Victor Franz Hess,1883-06-24,Male
194,43,Carl David Anderson,1905-09-03,Male
195,196,Walter Norman Haworth,1883-03-19,Male
196,197,Paul Karrer,1889-04-21,Male
197,609,Roger Martin du Gard,1881-03-23,Male
198,332,Albert von Szent-Györgyi Nagyrápolt,1893-09-16,Male
199,502,"Cecil of Chelwood, Viscount (Lord Edgar Algernon Robert Gascoyne Cecil)",1864-09-14,Male
200,44,Clinton Joseph Davisson,1881-10-22,Male
201,45,George Paget Thomson,1892-05-03,Male
202,198,Richard Kuhn,1900-12-03,Male
203,198,Richard Kuhn,1900-12-03,Male
204,610,Pearl Buck,1892-06-26,Female
205,333,Corneille Jean François Heymans,1892-03-28,Male
206,503,Office international Nansen pour les Réfugiés (Nansen International Office for Refugees),,
207,46,Enrico Fermi,1901-09-29,Male
208,199,Adolf Friedrich Johann Butenandt,1903-03-24,Male
209,199,Adolf Friedrich Johann Butenandt,1903-03-24,Male
210,200,Leopold Ruzicka,1887-09-13,Male
211,613,Frans Eemil Sillanpää,1888-09-16,Male
212,334,Gerhard Domagk,1895-10-30,Male
213,47,Ernest Orlando Lawrence,1901-08-08,Male
214,201,George de Hevesy,1885-08-01,Male
215,335,Henrik Carl Peter Dam,1895-02-21,Male
216,336,Edward Adelbert Doisy,1893-11-13,Male
217,48,Otto Stern,1888-02-17,Male
218,202,Otto Hahn,1879-03-08,Male
219,614,Johannes Vilhelm Jensen,1873-01-20,Male
220,337,Joseph Erlanger,1874-01-05,Male
221,338,Herbert Spencer Gasser,1888-07-05,Male
222,482,Comité international de la Croix Rouge (International Committee of the Red Cross),,
223,49,Isidor Isaac Rabi,1898-07-29,Male
224,203,Artturi Ilmari Virtanen,1895-01-15,Male
225,615,Gabriela Mistral,1889-04-07,Female
226,339,Sir Alexander Fleming,1881-08-06,Male
227,340,Ernst Boris Chain,1906-06-19,Male
228,341,Sir Howard Walter Florey,1898-09-24,Male
229,505,Cordell Hull,1871-10-02,Male
230,50,Wolfgang Pauli,1900-04-25,Male
231,204,James Batcheller Sumner,1887-11-19,Male
232,205,John Howard Northrop,1891-07-05,Male
233,206,Wendell Meredith Stanley,1904-08-16,Male
234,617,Hermann Hesse,1877-07-02,Male
235,342,Hermann Joseph Muller,1890-12-21,Male
236,506,Emily Greene Balch,1867-01-08,Female
237,507,John Raleigh Mott,1865-05-25,Male
238,51,Percy Williams Bridgman,1882-04-21,Male
239,207,Sir Robert Robinson,1886-09-13,Male
240,618,André Paul Guillaume Gide,1869-11-22,Male
241,343,Carl Ferdinand Cori,1896-12-05,Male
242,344,"Gerty Theresa Cori, née Radnitz",1896-08-15,Female
243,345,Bernardo Alberto Houssay,1887-04-10,Male
244,508,Friends Service Council (The Quakers),,
245,509,American Friends Service Committee (The Quakers),,
246,52,Sir Edward Victor Appleton,1892-09-06,Male
247,208,Arne Wilhelm Kaurin Tiselius,1902-08-10,Male
248,619,Thomas Stearns Eliot,1888-09-26,Male
249,346,Paul Hermann Müller,1899-01-12,Male
250,53,Patrick Maynard Stuart Blackett,1897-11-18,Male
251,209,William Francis Giauque,1895-05-12,Male
252,620,William Faulkner,1897-09-25,Male
253,347,Walter Rudolf Hess,1881-03-17,Male
254,348,Antonio Caetano de Abreu Freire Egas Moniz,1874-11-29,Male
255,348,Antonio Caetano de Abreu Freire Egas Moniz,1874-11-29,Male
256,510,Lord (John) Boyd Orr of Brechin,1880-09-23,Male
257,54,Hideki Yukawa,1907-01-23,Male
258,54,Hideki Yukawa,1907-01-23,Male
259,210,Otto Paul Hermann Diels,1876-01-23,Male
260,211,Kurt Alder,1902-07-10,Male
261,621,Earl (Bertrand Arthur William) Russell,1872-05-18,Male
262,349,Edward Calvin Kendall,1886-03-08,Male
263,350,Tadeus Reichstein,1897-07-20,Male
264,351,Philip Showalter Hench,1896-02-28,Male
265,511,Ralph Bunche,1904-08-07,Male
266,55,Cecil Frank Powell,1903-12-05,Male
267,212,Edwin Mattison McMillan,1907-09-18,Male
268,213,Glenn Theodore Seaborg,1912-04-19,Male
269,622,Pär Fabian Lagerkvist,1891-05-23,Male
270,352,Max Theiler,1899-01-30,Male
271,512,Léon Jouhaux,1879-07-01,Male
272,56,Sir John Douglas Cockcroft,1897-05-27,Male
273,57,Ernest Thomas Sinton Walton,1903-10-06,Male
274,214,Archer John Porter Martin,1910-03-01,Male
275,215,Richard Laurence Millington Synge,1914-10-28,Male
276,623,François Mauriac,1885-10-11,Male
277,353,Selman Abraham Waksman,1888-07-22,Male
278,513,Albert Schweitzer,1875-01-14,Male
279,58,Felix Bloch,1905-10-23,Male
280,59,Edward Mills Purcell,1912-08-30,Male
281,216,Hermann Staudinger,1881-03-23,Male
282,216,Hermann Staudinger,1881-03-23,Male
283,624,Sir Winston Leonard Spencer Churchill,1874-11-30,Male
284,354,Hans Adolf Krebs,1900-08-25,Male
285,355,Fritz Albert Lipmann,1899-06-12,Male
286,355,Fritz Albert Lipmann,1899-06-12,Male
287,514,George Catlett Marshall,1880-12-31,Male
288,60,Frits Zernike,1888-07-16,Male
289,217,Linus Carl Pauling,1901-02-28,Male
290,625,Ernest Miller Hemingway,1899-07-21,Male
291,356,John Franklin Enders,1897-02-10,Male
292,356,John Franklin Enders,1897-02-10,Male
293,357,Thomas Huckle Weller,1915-06-15,Male
294,358,Frederick Chapman Robbins,1916-08-25,Male
295,515,Office of the United Nations High Commissioner for Refugees (UNHCR),,
296,61,Max Born,1882-12-11,Male
297,62,Walther Bothe,1891-01-08,Male
298,62,Walther Bothe,1891-01-08,Male
299,218,Vincent du Vigneaud,1901-05-18,Male
300,626,Halldór Kiljan Laxness,1902-04-23,Male
301,359,Axel Hugo Theodor Theorell,1903-07-06,Male
302,63,Willis Eugene Lamb,1913-07-12,Male
303,64,Polykarp Kusch,1911-01-26,Male
304,219,Sir Cyril Norman Hinshelwood,1897-05-19,Male
305,220,Nikolay Nikolaevich Semenov,1896-04-03,Male
306,627,Juan Ramón Jiménez,1881-12-24,Male
307,360,André Frédéric Cournand,1895-09-24,Male
308,361,Werner Forssmann,1904-08-29,Male
309,361,Werner Forssmann,1904-08-29,Male
310,362,Dickinson W. Richards,1895-10-30,Male
311,65,William Bradford Shockley,1910-02-13,Male
312,66,John Bardeen,1908-05-23,Male
313,67,Walter Houser Brattain,1902-02-10,Male
314,221,Lord (Alexander R.) Todd,1907-10-02,Male
315,628,Albert Camus,1913-11-07,Male
316,363,Daniel Bovet,1907-03-23,Male
317,516,Lester Bowles Pearson,1897-04-23,Male
318,68,Chen Ning Yang,1922-09-22,Male
319,69,Tsung-Dao (T.D.) Lee,1926-11-24,Male
320,222,Frederick Sanger,1918-08-13,Male
321,629,Boris Leonidovich Pasternak,1890-02-10,Male
322,364,George Wells Beadle,1903-10-22,Male
323,365,Edward Lawrie Tatum,1909-12-14,Male
324,366,Joshua Lederberg,1925-05-23,Male
325,517,Georges Pire,1910-02-10,Male
326,70,Pavel Alekseyevich Cherenkov,1904-07-28,Male
327,71,Igor Yevgenyevich Tamm,1895-07-08,Male
328,71,Igor Yevgenyevich Tamm,1895-07-08,Male
329,721,Il´ja Mikhailovich Frank,1908-10-23,Male
330,721,Il´ja Mikhailovich Frank,1908-10-23,Male
331,223,Jaroslav Heyrovsky,1890-12-20,Male
332,630,Salvatore Quasimodo,1901-08-20,Male
333,367,Severo Ochoa,1905-09-24,Male
334,368,Arthur Kornberg,1918-03-03,Male
335,518,Philip J. Noel-Baker,1889-11-01,Male
336,72,Emilio Gino Segrè,1905-02-01,Male
337,73,Owen Chamberlain,1920-07-10,Male
338,224,Willard Frank Libby,1908-12-17,Male
339,631,Saint-John Perse,1887-05-31,Male
340,369,Sir Frank Macfarlane Burnet,1899-09-03,Male
341,370,Peter Brian Medawar,1915-02-28,Male
342,519,Albert John Lutuli,1898-00-00,Male
343,74,Donald Arthur Glaser,1926-09-21,Male
344,225,Melvin Calvin,1911-04-08,Male
345,633,Ivo Andric,1892-10-10,Male
346,371,Georg von Békésy,1899-06-03,Male
347,520,Dag Hjalmar Agne Carl Hammarskjöld,1905-07-29,Male
348,75,Robert Hofstadter,1915-02-05,Male
349,76,Rudolf Ludwig Mössbauer,1929-01-31,Male
350,76,Rudolf Ludwig Mössbauer,1929-01-31,Male
351,226,Max Ferdinand Perutz,1914-05-19,Male
352,227,John Cowdery Kendrew,1917-03-24,Male
353,634,John Steinbeck,1902-02-27,Male
354,372,Francis Harry Compton Crick,1916-06-08,Male
355,373,James Dewey Watson,1928-04-06,Male
356,374,Maurice Hugh Frederick Wilkins,1916-12-15,Male
357,217,Linus Carl Pauling,1901-02-28,Male
358,77,Lev Davidovich Landau,1908-01-22,Male
359,228,Karl Ziegler,1898-11-26,Male
360,229,Giulio Natta,1903-02-26,Male
361,635,Giorgos Seferis,1900-03-13,Male
362,375,Sir John Carew Eccles,1903-01-27,Male
363,376,Alan Lloyd Hodgkin,1914-02-05,Male
364,377,Andrew Fielding Huxley,1917-11-22,Male
365,482,Comité international de la Croix Rouge (International Committee of the Red Cross),,
366,523,Ligue des Sociétés de la Croix-Rouge (League of Red Cross Societies),,
367,78,Eugene Paul Wigner,1902-11-17,Male
368,79,Maria Goeppert Mayer,1906-06-28,Female
369,80,J. Hans D. Jensen,1907-06-25,Male
370,230,Dorothy Crowfoot Hodgkin,1910-05-12,Female
371,637,Jean-Paul Sartre,1905-06-21,Male
372,378,Konrad Bloch,1912-01-21,Male
373,379,Feodor Lynen,1911-04-06,Male
374,524,Martin Luther King Jr.,1929-01-15,Male
375,81,Charles Hard Townes,1915-07-28,Male
376,82,Nicolay Gennadiyevich Basov,1922-12-14,Male
377,83,Aleksandr Mikhailovich Prokhorov,1916-07-11,Male
378,231,Robert Burns Woodward,1917-04-10,Male
379,638,Mikhail Aleksandrovich Sholokhov,1905-05-24,Male
380,380,François Jacob,1920-06-17,Male
381,381,André Lwoff,1902-05-08,Male
382,382,Jacques Monod,1910-02-09,Male
383,525,United Nations Children's Fund (UNICEF),,
384,84,Sin-Itiro Tomonaga,1906-03-31,Male
385,85,Julian Schwinger,1918-02-12,Male
386,86,Richard P. Feynman,1918-05-11,Male
387,232,Robert S. Mulliken,1896-06-07,Male
388,639,Shmuel Yosef Agnon,1888-07-17,Male
389,640,Nelly Sachs,1891-12-10,Female
390,383,Peyton Rous,1879-10-05,Male
391,384,Charles Brenton Huggins,1901-09-22,Male
392,87,Alfred Kastler,1902-05-03,Male
393,233,Manfred Eigen,1927-05-09,Male
394,234,Ronald George Wreyford Norrish,1897-11-09,Male
395,235,George Porter,1920-12-06,Male
396,641,Miguel Angel Asturias,1899-10-19,Male
397,385,Ragnar Granit,1900-10-30,Male
398,386,Haldan Keffer Hartline,1903-12-22,Male
399,387,George Wald,1906-11-18,Male
400,88,Hans Albrecht Bethe,1906-07-02,Male
401,236,Lars Onsager,1903-11-27,Male
402,642,Yasunari Kawabata,1899-06-11,Male
403,388,Robert W. Holley,1922-01-28,Male
404,389,Har Gobind Khorana,1922-01-09,Male
405,390,Marshall W. Nirenberg,1927-04-10,Male
406,526,René Cassin,1887-10-05,Male
407,89,Luis Walter Alvarez,1911-06-13,Male
408,237,Derek H. R. Barton,1918-09-08,Male
409,238,Odd Hassel,1897-05-17,Male
410,677,Ragnar Frisch,1895-03-03,Male
411,678,Jan Tinbergen,1903-04-12,Male
412,643,Samuel Beckett,1906-04-13,Male
413,391,Max Delbrück,1906-09-04,Male
414,392,Alfred D. Hershey,1908-12-04,Male
415,393,Salvador E. Luria,1912-08-13,Male
416,527,International Labour Organization (I.L.O.),,
417,90,Murray Gell-Mann,1929-09-15,Male
418,239,Luis F. Leloir,1906-09-06,Male
419,679,Paul A. Samuelson,1915-05-15,Male
420,644,Aleksandr Isayevich Solzhenitsyn,1918-12-11,Male
421,394,Sir Bernard Katz,1911-03-26,Male
422,395,Ulf von Euler,1905-02-07,Male
423,396,Julius Axelrod,1912-05-30,Male
424,528,Norman E. Borlaug,1914-03-25,Male
425,91,Hannes Olof Gösta Alfvén,1908-05-30,Male
426,92,Louis Eugène Félix Néel,1904-11-22,Male
427,240,Gerhard Herzberg,1904-12-25,Male
428,680,Simon Kuznets,1901-04-30,Male
429,645,Pablo Neruda,1904-07-12,Male
430,397,"Earl W. Sutherland, Jr.",1915-11-19,Male
431,529,Willy Brandt,1913-12-18,Male
432,93,Dennis Gabor,1900-06-05,Male
433,241,Christian B. Anfinsen,1916-03-26,Male
434,242,Stanford Moore,1913-09-04,Male
435,243,William H. Stein,1911-06-25,Male
436,681,John R. Hicks,1904-04-08,Male
437,682,Kenneth J. Arrow,1921-08-23,Male
438,647,Heinrich Böll,1917-12-21,Male
439,398,Gerald M. Edelman,1929-07-01,Male
440,399,Rodney R. Porter,1917-10-08,Male
441,66,John Bardeen,1908-05-23,Male
442,95,Leon Neil Cooper,1930-02-28,Male
443,96,John Robert Schrieffer,1931-05-31,Male
444,244,Ernst Otto Fischer,1918-11-10,Male
445,245,Geoffrey Wilkinson,1921-07-14,Male
446,683,Wassily Leontief,1906-08-05,Male
447,648,Patrick White,1912-05-28,Male
448,400,Karl von Frisch,1886-11-20,Male
449,401,Konrad Lorenz,1903-11-07,Male
450,402,Nikolaas Tinbergen,1907-04-15,Male
451,530,Henry A. Kissinger,1923-05-27,Male
452,531,Le Duc Tho,1911-10-14,Male
453,97,Leo Esaki,1925-03-12,Male
454,98,Ivar Giaever,1929-04-05,Male
455,99,Brian David Josephson,1940-01-04,Male
456,246,Paul J. Flory,1910-06-19,Male
457,684,Gunnar Myrdal,1898-12-06,Male
458,685,Friedrich August von Hayek,1899-05-08,Male
459,649,Eyvind Johnson,1900-07-29,Male
460,650,Harry Martinson,1904-05-06,Male
461,403,Albert Claude,1898-08-24,Male
462,404,Christian de Duve,1917-10-02,Male
463,404,Christian de Duve,1917-10-02,Male
464,405,George E. Palade,1912-11-19,Male
465,532,Seán MacBride,1904-01-26,Male
466,533,Eisaku Sato,1901-03-27,Male
467,100,Sir Martin Ryle,1918-09-27,Male
468,101,Antony Hewish,1924-05-11,Male
469,247,John Warcup Cornforth,1917-09-07,Male
470,248,Vladimir Prelog,1906-07-23,Male
471,686,Leonid Vitaliyevich Kantorovich,1912-01-19,Male
472,687,Tjalling C. Koopmans,1910-08-28,Male
473,651,Eugenio Montale,1896-10-12,Male
474,406,David Baltimore,1938-03-07,Male
475,407,Renato Dulbecco,1914-02-22,Male
476,408,Howard Martin Temin,1934-12-10,Male
477,534,Andrei Dmitrievich Sakharov,1921-05-21,Male
478,102,Aage Niels Bohr,1922-06-19,Male
479,103,Ben Roy Mottelson,1926-07-09,Male
480,104,Leo James Rainwater,1917-12-09,Male
481,249,William N. Lipscomb,1919-12-09,Male
482,688,Milton Friedman,1912-07-31,Male
483,652,Saul Bellow,1915-06-10,Male
484,409,Baruch S. Blumberg,1925-07-28,Male
485,410,D. Carleton Gajdusek,1923-09-09,Male
486,535,Betty Williams,1943-05-22,Female
487,536,Mairead Corrigan,1944-01-27,Female
488,105,Burton Richter,1931-03-22,Male
489,106,Samuel Chao Chung Ting,1936-01-27,Male
490,250,Ilya Prigogine,1917-01-25,Male
491,250,Ilya Prigogine,1917-01-25,Male
492,689,Bertil Ohlin,1899-04-23,Male
493,690,James E. Meade,1907-06-23,Male
494,653,Vicente Aleixandre,1898-04-26,Male
495,411,Roger Guillemin,1924-01-11,Male
496,412,Andrew V. Schally,1926-11-30,Male
497,413,Rosalyn Yalow,1921-07-19,Female
498,537,Amnesty International,,
499,107,Philip Warren Anderson,1923-12-13,Male
500,108,Sir Nevill Francis Mott,1905-09-30,Male
501,109,John Hasbrouck van Vleck,1899-03-13,Male
502,251,Peter D. Mitchell,1920-09-29,Male
503,691,Herbert A. Simon,1916-06-15,Male
504,654,Isaac Bashevis Singer,1904-07-14,Male
505,414,Werner Arber,1929-06-03,Male
506,415,Daniel Nathans,1928-10-30,Male
507,416,Hamilton O. Smith,1931-08-23,Male
508,538,Mohamed Anwar al-Sadat,1918-12-25,Male
509,539,Menachem Begin,1913-08-16,Male
510,110,Pyotr Leonidovich Kapitsa,1894-07-09,Male
511,111,Arno Allan Penzias,1933-04-26,Male
512,112,Robert Woodrow Wilson,1936-01-10,Male
513,252,Herbert C. Brown,1912-05-22,Male
514,253,Georg Wittig,1897-06-16,Male
515,692,Theodore W. Schultz,1902-04-30,Male
516,693,Sir Arthur Lewis,1915-01-23,Male
517,655,Odysseus Elytis,1911-11-02,Male
518,417,Allan M. Cormack,1924-02-23,Male
519,418,Godfrey N. Hounsfield,1919-08-28,Male
520,540,Mother Teresa,1910-08-26,Female
521,113,Sheldon Lee Glashow,1932-12-05,Male
522,114,Abdus Salam,1926-01-29,Male
523,114,Abdus Salam,1926-01-29,Male
524,115,Steven Weinberg,1933-05-03,Male
525,222,Frederick Sanger,1918-08-13,Male
526,254,Paul Berg,1926-06-30,Male
527,255,Walter Gilbert,1932-03-21,Male
528,694,Lawrence R. Klein,1920-09-14,Male
529,657,Czeslaw Milosz,1911-06-30,Male
530,419,Baruj Benacerraf,1920-10-29,Male
531,420,Jean Dausset,1916-10-19,Male
532,421,George D. Snell,1903-12-19,Male
533,541,Adolfo Pérez Esquivel,1931-11-26,Male
534,116,James Watson Cronin,1931-09-29,Male
535,117,Val Logsdon Fitch,1923-03-10,Male
536,257,Kenichi Fukui,1918-10-04,Male
537,258,Roald Hoffmann,1937-07-18,Male
538,695,James Tobin,1918-03-05,Male
539,658,Elias Canetti,1905-07-25,Male
540,422,Roger W. Sperry,1913-08-20,Male
541,423,David H. Hubel,1926-02-27,Male
542,424,Torsten N. Wiesel,1924-06-03,Male
543,515,Office of the United Nations High Commissioner for Refugees (UNHCR),,
544,118,Nicolaas Bloembergen,1920-03-11,Male
545,119,Arthur Leonard Schawlow,1921-05-05,Male
546,120,Kai M. Siegbahn,1918-04-20,Male
547,259,Aaron Klug,1926-08-11,Male
548,696,George J. Stigler,1911-01-17,Male
549,659,Gabriel García Márquez,1927-03-06,Male
550,425,Sune K. Bergström,1916-01-10,Male
551,426,Bengt I. Samuelsson,1934-05-21,Male
552,427,John R. Vane,1927-03-29,Male
553,543,Alva Myrdal,1902-01-31,Female
554,544,Alfonso García Robles,1911-03-20,Male
555,121,Kenneth G. Wilson,1936-06-08,Male
556,260,Henry Taube,1915-11-30,Male
557,697,Gerard Debreu,1921-07-04,Male
558,660,William Golding,1911-09-19,Male
559,428,Barbara McClintock,1902-06-16,Female
560,545,Lech Walesa,1943-09-29,Male
561,122,Subramanyan Chandrasekhar,1910-10-19,Male
562,123,William Alfred Fowler,1911-08-09,Male
563,261,Robert Bruce Merrifield,1921-07-15,Male
564,698,Richard Stone,1913-08-30,Male
565,661,Jaroslav Seifert,1901-09-23,Male
566,429,Niels K. Jerne,1911-12-23,Male
567,430,Georges J.F. Köhler,1946-04-17,Male
568,431,César Milstein,1927-10-08,Male
569,546,Desmond Mpilo Tutu,1931-10-07,Male
570,124,Carlo Rubbia,1934-03-31,Male
571,125,Simon van der Meer,1925-11-24,Male
572,262,Herbert A. Hauptman,1917-02-14,Male
573,263,Jerome Karle,1918-06-18,Male
574,699,Franco Modigliani,1918-06-18,Male
575,662,Claude Simon,1913-10-10,Male
576,432,Michael S. Brown,1941-04-13,Male
577,433,Joseph L. Goldstein,1940-04-18,Male
578,547,International Physicians for the Prevention of Nuclear War,,
579,126,Klaus von Klitzing,1943-06-28,Male
580,264,Dudley R. Herschbach,1932-06-18,Male
581,265,Yuan T. Lee,1936-11-19,Male
582,266,John C. Polanyi,1929-01-23,Male
583,700,James M. Buchanan Jr.,1919-10-03,Male
584,663,Wole Soyinka,1934-07-13,Male
585,434,Stanley Cohen,1922-11-17,Male
586,435,Rita Levi-Montalcini,1909-04-22,Female
587,548,Elie Wiesel,1928-09-30,Male
588,127,Ernst Ruska,1906-12-25,Male
589,128,Gerd Binnig,1947-07-20,Male
590,129,Heinrich Rohrer,1933-06-06,Male
591,267,Donald J. Cram,1919-04-22,Male
592,268,Jean-Marie Lehn,1939-09-30,Male
593,268,Jean-Marie Lehn,1939-09-30,Male
594,269,Charles J. Pedersen,1904-10-03,Male
595,701,Robert M. Solow,1924-08-23,Male
596,664,Joseph Brodsky,1940-05-24,Male
597,436,Susumu Tonegawa,1939-09-06,Male
598,549,Oscar Arias Sánchez,1941-09-13,Male
599,130,J. Georg Bednorz,1950-05-16,Male
600,131,K. Alexander Müller,1927-04-20,Male
601,270,Johann Deisenhofer,1943-09-30,Male
602,270,Johann Deisenhofer,1943-09-30,Male
603,271,Robert Huber,1937-02-20,Male
604,272,Hartmut Michel,1948-07-18,Male
605,702,Maurice Allais,1911-05-31,Male
606,665,Naguib Mahfouz,1911-12-11,Male
607,437,Sir James W. Black,1924-06-14,Male
608,438,Gertrude B. Elion,1918-01-23,Female
609,439,George H. Hitchings,1905-04-18,Male
610,550,United Nations Peacekeeping Forces,,
611,132,Leon M. Lederman,1922-07-15,Male
612,133,Melvin Schwartz,1932-11-02,Male
613,134,Jack Steinberger,1921-05-25,Male
614,273,Sidney Altman,1939-05-07,Male
615,274,Thomas R. Cech,1947-12-08,Male
616,703,Trygve Haavelmo,1911-12-13,Male
617,666,Camilo José Cela,1916-05-11,Male
618,440,J. Michael Bishop,1936-02-22,Male
619,441,Harold E. Varmus,1939-12-18,Male
620,551,The 14th Dalai Lama (Tenzin Gyatso),1935-07-06,Male
621,135,Norman F. Ramsey,1915-08-27,Male
622,136,Hans G. Dehmelt,1922-09-09,Male
623,137,Wolfgang Paul,1913-08-10,Male
624,275,Elias James Corey,1928-07-12,Male
625,704,Harry M. Markowitz,1927-08-24,Male
626,705,Merton H. Miller,1923-05-16,Male
627,706,William F. Sharpe,1934-06-16,Male
628,667,Octavio Paz,1914-03-31,Male
629,442,Joseph E. Murray,1919-04-01,Male
630,443,E. Donnall Thomas,1920-03-15,Male
631,552,Mikhail Sergeyevich Gorbachev,1931-03-02,Male
632,138,Jerome I. Friedman,1930-03-28,Male
633,139,Henry W. Kendall,1926-12-09,Male
634,140,Richard E. Taylor,1929-11-02,Male
635,276,Richard R. Ernst,1933-08-14,Male
636,707,Ronald H. Coase,1910-12-29,Male
637,668,Nadine Gordimer,1923-11-20,Female
638,444,Erwin Neher,1944-03-20,Male
639,445,Bert Sakmann,1942-06-12,Male
640,553,Aung San Suu Kyi,1945-06-19,Female
641,141,Pierre-Gilles de Gennes,1932-10-24,Male
642,277,Rudolph A. Marcus,1923-07-21,Male
643,708,Gary S. Becker,1930-12-02,Male
644,669,Derek Walcott,1930-01-23,Male
645,446,Edmond H. Fischer,1920-04-06,Male
646,447,Edwin G. Krebs,1918-06-06,Male
647,554,Rigoberta Menchú Tum,1959-01-09,Female
648,142,Georges Charpak,1924-08-01,Male
649,142,Georges Charpak,1924-08-01,Male
650,278,Kary B. Mullis,1944-12-28,Male
651,279,Michael Smith,1932-04-26,Male
652,709,Robert W. Fogel,1927-07-01,Male
653,710,Douglass C. North,1920-11-05,Male
654,670,Toni Morrison,1931-02-18,Female
655,448,Richard J. Roberts,1943-09-06,Male
656,449,Phillip A. Sharp,1944-06-06,Male
657,555,Nelson Mandela,1918-07-18,Male
658,556,Frederik Willem de Klerk,1936-03-18,Male
659,143,Russell A. Hulse,1950-11-28,Male
660,144,Joseph H. Taylor Jr.,1941-03-29,Male
661,280,George A. Olah,1927-05-22,Male
662,711,John C. Harsanyi,1920-05-29,Male
663,712,John F. Nash Jr.,1928-06-13,Male
664,713,Reinhard Selten,1930-10-05,Male
665,671,Kenzaburo Oe,1935-01-31,Male
666,450,Alfred G. Gilman,1941-07-01,Male
667,451,Martin Rodbell,1925-12-01,Male
668,557,Yasser Arafat,1929-08-24,Male
669,558,Shimon Peres,1923-08-16,Male
670,559,Yitzhak Rabin,1922-03-01,Male
671,145,Bertram N. Brockhouse,1918-07-15,Male
672,146,Clifford G. Shull,1915-09-23,Male
673,281,Paul J. Crutzen,1933-12-03,Male
674,282,Mario J. Molina,1943-03-19,Male
675,283,F. Sherwood Rowland,1927-06-28,Male
676,714,Robert E. Lucas Jr.,1937-09-15,Male
677,672,Seamus Heaney,1939-04-13,Male
678,452,Edward B. Lewis,1918-05-20,Male
679,453,Christiane Nüsslein-Volhard,1942-10-20,Female
680,454,Eric F. Wieschaus,1947-06-08,Male
681,560,Joseph Rotblat,1908-11-04,Male
682,561,Pugwash Conferences on Science and World Affairs,,
683,147,Martin L. Perl,1927-06-24,Male
684,148,Frederick Reines,1918-03-16,Male
685,284,Robert F. Curl Jr.,1933-08-23,Male
686,285,Sir Harold W. Kroto,1939-10-07,Male
687,286,Richard E. Smalley,1943-06-06,Male
688,715,James A. Mirrlees,1936-07-05,Male
689,716,William Vickrey,1914-06-21,Male
690,673,Wislawa Szymborska,1923-07-02,Female
691,455,Peter C. Doherty,1940-10-15,Male
692,456,Rolf M. Zinkernagel,1944-01-06,Male
693,562,Carlos Filipe Ximenes Belo,1948-02-03,Male
694,563,José Ramos-Horta,1949-12-26,Male
695,149,David M. Lee,1931-01-20,Male
696,150,Douglas D. Osheroff,1945-08-01,Male
697,151,Robert C. Richardson,1937-06-26,Male
698,287,Paul D. Boyer,1918-07-31,Male
699,288,John E. Walker,1941-01-07,Male
700,289,Jens C. Skou,1918-10-08,Male
701,717,Robert C. Merton,1944-07-31,Male
702,718,Myron S. Scholes,1941-07-01,Male
703,674,Dario Fo,1926-03-24,Male
704,457,Stanley B. Prusiner,1942-05-28,Male
705,564,International Campaign to Ban Landmines (ICBL),,
706,565,Jody Williams,1950-10-09,Female
707,152,Steven Chu,1948-02-28,Male
708,153,Claude Cohen-Tannoudji,1933-04-01,Male
709,153,Claude Cohen-Tannoudji,1933-04-01,Male
710,154,William D. Phillips,1948-11-05,Male
711,290,Walter Kohn,1923-03-09,Male
712,291,John A. Pople,1925-10-31,Male
713,719,Amartya Sen,1933-11-03,Male
714,675,José Saramago,1922-11-16,Male
715,458,Robert F. Furchgott,1916-06-04,Male
716,459,Louis J. Ignarro,1941-05-31,Male
717,460,Ferid Murad,1936-09-14,Male
718,566,John Hume,1937-01-18,Male
719,567,David Trimble,1944-10-15,Male
720,155,Robert B. Laughlin,1950-11-01,Male
721,156,Horst L. Störmer,1949-04-06,Male
722,157,Daniel C. Tsui,1939-02-28,Male
723,292,Ahmed H. Zewail,1946-02-26,Male
724,720,Robert A. Mundell,1932-10-24,Male
725,676,Günter Grass,1927-10-16,Male
726,461,Günter Blobel,1936-05-21,Male
727,461,Günter Blobel,1936-05-21,Male
728,568,Médecins Sans Frontières,,
729,158,Gerardus 't Hooft,1946-07-05,Male
730,159,Martinus J.G. Veltman,1931-06-27,Male
731,729,Alan J. Heeger,1936-01-22,Male
732,730,Alan G. MacDiarmid,1927-04-14,Male
733,731,Hideki Shirakawa,1936-08-20,Male
734,732,James J. Heckman,1944-04-19,Male
735,733,Daniel L. McFadden,1937-07-29,Male
736,734,Gao Xingjian,1940-01-04,Male
737,722,Arvid Carlsson,1923-01-25,Male
738,723,Paul Greengard,1925-12-11,Male
739,724,Eric R. Kandel,1929-11-07,Male
740,725,Kim Dae-jung,1925-12-03,Male
741,726,Zhores I. Alferov,1930-03-15,Male
742,727,Herbert Kroemer,1928-08-25,Male
743,728,Jack S. Kilby,1923-11-08,Male
744,741,William S. Knowles,1917-06-01,Male
745,742,Ryoji Noyori,1938-09-03,Male
746,743,K. Barry Sharpless,1941-04-28,Male
747,744,George A. Akerlof,1940-06-17,Male
748,745,A. Michael Spence,1943-00-00,Male
749,746,Joseph E. Stiglitz,1943-02-09,Male
750,747,Sir Vidiadhar Surajprasad Naipaul,1932-08-17,Male
751,735,Leland H. Hartwell,1939-10-30,Male
752,736,Tim Hunt,1943-02-19,Male
753,737,Sir Paul M. Nurse,1949-01-25,Male
754,748,United Nations (U.N.),,
755,749,Kofi Annan,1938-04-08,Male
756,738,Eric A. Cornell,1961-12-19,Male
757,739,Wolfgang Ketterle,1957-10-21,Male
758,740,Carl E. Wieman,1951-03-26,Male
759,756,John B. Fenn,1917-06-15,Male
760,757,Koichi Tanaka,1959-08-03,Male
761,758,Kurt Wüthrich,1938-10-04,Male
762,758,Kurt Wüthrich,1938-10-04,Male
763,759,Daniel Kahneman,1934-03-05,Male
764,760,Vernon L. Smith,1927-01-01,Male
765,761,Imre Kertész,1929-11-09,Male
766,750,Sydney Brenner,1927-01-13,Male
767,751,H. Robert Horvitz,1947-05-08,Male
768,752,John E. Sulston,1942-03-27,Male
769,762,Jimmy Carter,1924-10-01,Male
770,753,Raymond Davis Jr.,1914-10-14,Male
771,754,Masatoshi Koshiba,1926-09-19,Male
772,755,Riccardo Giacconi,1931-10-06,Male
773,769,Peter Agre,1949-01-30,Male
774,770,Roderick MacKinnon,1956-02-19,Male
775,770,Roderick MacKinnon,1956-02-19,Male
776,771,Robert F. Engle III,1942-11-10,Male
777,772,Clive W.J. Granger,1934-09-04,Male
778,763,John M. Coetzee,1940-02-09,Male
779,764,Paul C. Lauterbur,1929-05-06,Male
780,765,Sir Peter Mansfield,1933-10-09,Male
781,773,Shirin Ebadi,1947-06-21,Female
782,766,Alexei A. Abrikosov,1928-06-25,Male
783,767,Vitaly L. Ginzburg,1916-10-04,Male
784,768,Anthony J. Leggett,1938-03-26,Male
785,779,Aaron Ciechanover,1947-10-01,Male
786,780,Avram Hershko,1937-12-31,Male
787,781,Irwin Rose,1926-07-16,Male
788,786,Finn E. Kydland,1943-12-01,Male
789,786,Finn E. Kydland,1943-12-01,Male
790,787,Edward C. Prescott,1940-12-26,Male
791,787,Edward C. Prescott,1940-12-26,Male
792,782,Elfriede Jelinek,1946-10-20,Female
793,774,Richard Axel,1946-07-02,Male
794,775,Linda B. Buck,1947-01-29,Female
795,783,Wangari Muta Maathai,1940-04-01,Female
796,776,David J. Gross,1941-02-19,Male
797,777,H. David Politzer,1949-08-31,Male
798,778,Frank Wilczek,1951-05-15,Male
799,794,Yves Chauvin,1930-10-10,Male
800,795,Robert H. Grubbs,1942-02-27,Male
801,796,Richard R. Schrock,1945-01-04,Male
802,799,Robert J. Aumann,1930-06-08,Male
803,800,Thomas C. Schelling,1921-04-14,Male
804,801,Harold Pinter,1930-10-10,Male
805,789,Barry J. Marshall,1951-09-30,Male
806,789,Barry J. Marshall,1951-09-30,Male
807,790,J. Robin Warren,1937-06-11,Male
808,797,International Atomic Energy Agency (IAEA),,
809,798,Mohamed ElBaradei,1942-06-17,Male
810,791,Roy J. Glauber,1925-09-01,Male
811,792,John L. Hall,1934-08-21,Male
812,792,John L. Hall,1934-08-21,Male
813,793,Theodor W. Hänsch,1941-10-30,Male
814,793,Theodor W. Hänsch,1941-10-30,Male
815,806,Roger D. Kornberg,1947-04-24,Male
816,807,Edmund S. Phelps,1933-07-26,Male
817,808,Orhan Pamuk,1952-06-07,Male
818,802,Andrew Z. Fire,1959-04-27,Male
819,803,Craig C. Mello,1960-10-19,Male
820,809,Muhammad Yunus,1940-06-28,Male
821,810,Grameen Bank,,
822,804,John C. Mather,1946-08-07,Male
823,805,George F. Smoot,1945-02-20,Male
824,816,Gerhard Ertl,1936-10-10,Male
825,820,Leonid Hurwicz,1917-08-21,Male
826,821,Eric S. Maskin,1950-12-12,Male
827,822,Roger B. Myerson,1951-03-29,Male
828,817,Doris Lessing,1919-10-22,Female
829,811,Mario R. Capecchi,1937-10-06,Male
830,811,Mario R. Capecchi,1937-10-06,Male
831,812,Sir Martin J. Evans,1941-01-01,Male
832,813,Oliver Smithies,1925-06-23,Male
833,818,Intergovernmental Panel on Climate Change (IPCC),,
834,819,Albert Arnold (Al) Gore Jr.,1948-03-31,Male
835,814,Albert Fert,1938-03-07,Male
836,814,Albert Fert,1938-03-07,Male
837,815,Peter Grünberg,1939-05-18,Male
838,829,Osamu Shimomura,1928-08-27,Male
839,829,Osamu Shimomura,1928-08-27,Male
840,830,Martin Chalfie,1947-01-15,Male
841,831,Roger Y. Tsien,1952-02-01,Male
842,831,Roger Y. Tsien,1952-02-01,Male
843,834,Paul Krugman,1953-02-28,Male
844,832,Jean-Marie Gustave Le Clézio,1940-04-13,Male
845,823,Harald zur Hausen,1936-03-11,Male
846,824,Françoise Barré-Sinoussi,1947-07-30,Female
847,825,Luc Montagnier,1932-08-18,Male
848,833,Martti Ahtisaari,1937-06-23,Male
849,826,Yoichiro Nambu,1921-01-18,Male
850,827,Makoto Kobayashi,1944-04-07,Male
851,828,Toshihide Maskawa,1940-02-07,Male
852,828,Toshihide Maskawa,1940-02-07,Male
853,841,Venkatraman Ramakrishnan,,Male
854,842,Thomas A. Steitz,1940-08-23,Male
855,842,Thomas A. Steitz,1940-08-23,Male
856,843,Ada E. Yonath,1939-06-22,Female
857,846,Elinor Ostrom,1933-08-07,Female
858,846,Elinor Ostrom,1933-08-07,Female
859,847,Oliver E. Williamson,1932-09-27,Male
860,844,Herta Müller,1953-08-17,Female
861,835,Elizabeth H. Blackburn,1948-11-26,Female
862,836,Carol W. Greider,1961-04-15,Female
863,837,Jack W. Szostak,1952-11-09,Male
864,837,Jack W. Szostak,1952-11-09,Male
865,837,Jack W. Szostak,1952-11-09,Male
866,845,Barack H. Obama,1961-08-04,Male
867,838,Charles Kuen Kao,1933-11-04,Male
868,838,Charles Kuen Kao,1933-11-04,Male
869,839,Willard S. Boyle,1924-08-19,Male
870,840,George E. Smith,1930-05-10,Male
871,851,Richard F. Heck,1931-08-15,Male
872,852,Ei-ichi Negishi,1935-07-14,Male
873,853,Akira Suzuki,1930-09-12,Male
874,856,Peter A. Diamond,1940-04-29,Male
875,857,Dale T. Mortensen,1939-02-02,Male
876,857,Dale T. Mortensen,1939-02-02,Male
877,858,Christopher A. Pissarides,1948-02-20,Male
878,854,Mario Vargas Llosa,1936-03-28,Male
879,848,Robert G. Edwards,1925-09-27,Male
880,855,Liu Xiaobo,1955-12-28,Male
881,849,Andre Geim,1958-10-21,Male
882,850,Konstantin Novoselov,1974-08-23,Male
883,867,Dan Shechtman,1941-01-24,Male
884,872,Thomas J. Sargent,1943-07-19,Male
885,873,Christopher A. Sims,1942-10-21,Male
886,868,Tomas Tranströmer,1931-04-15,Male
887,861,Bruce A. Beutler,1957-12-29,Male
888,861,Bruce A. Beutler,1957-12-29,Male
889,862,Jules A. Hoffmann,1941-08-02,Male
890,863,Ralph M. Steinman,1943-01-14,Male
891,869,Ellen Johnson Sirleaf,1938-10-29,Female
892,870,Leymah Gbowee,1972-02-01,Female
893,871,Tawakkol Karman,1979-02-07,Female
894,864,Saul Perlmutter,,Male
895,864,Saul Perlmutter,,Male
896,865,Brian P. Schmidt,1967-02-24,Male
897,866,Adam G. Riess,1969-12-16,Male
898,866,Adam G. Riess,1969-12-16,Male
899,878,Robert J. Lefkowitz,1943-04-15,Male
900,878,Robert J. Lefkowitz,1943-04-15,Male
901,879,Brian K. Kobilka,1955-05-30,Male
902,882,Alvin E. Roth,1951-12-18,Male
903,882,Alvin E. Roth,1951-12-18,Male
904,883,Lloyd S. Shapley,1923-06-02,Male
905,880,Mo Yan,1955-02-02,Male
906,874,Sir John B. Gurdon,1933-10-02,Male
907,875,Shinya Yamanaka,1962-09-04,Male
908,875,Shinya Yamanaka,1962-09-04,Male
909,881,European Union (EU),,
910,876,Serge Haroche,1944-09-11,Male
911,876,Serge Haroche,1944-09-11,Male
912,877,David J. Wineland,1944-02-24,Male
913,877,David J. Wineland,1944-02-24,Male
914,889,Martin Karplus,1930-03-15,Male
915,889,Martin Karplus,1930-03-15,Male
916,890,Michael Levitt,1947-05-09,Male
917,891,Arieh Warshel,1940-11-20,Male
918,894,Eugene F. Fama,1939-02-14,Male
919,895,Lars Peter Hansen,1952-10-26,Male
920,896,Robert J. Shiller,1946-03-29,Male
921,892,Alice Munro,1931-07-10,Female
922,884,James E. Rothman,1950-11-03,Male
923,885,Randy W. Schekman,1948-12-30,Male
924,885,Randy W. Schekman,1948-12-30,Male
925,886,Thomas C. Südhof,1955-12-22,Male
926,886,Thomas C. Südhof,1955-12-22,Male
927,893,Organisation for the Prohibition of Chemical Weapons (OPCW),,
928,887,François Englert,1932-11-06,Male
929,888,Peter W. Higgs,1929-05-29,Male
930,909,Eric Betzig,1960-01-13,Male
931,910,Stefan W. Hell,1962-12-23,Male
932,910,Stefan W. Hell,1962-12-23,Male
933,911,William E. Moerner,1953-06-24,Male
934,915,Jean Tirole,1953-08-09,Male
935,912,Patrick Modiano,1945-07-30,Male
936,903,John O'Keefe,1939-11-18,Male
937,904,May-Britt Moser,1963-01-04,Female
938,905,Edvard I. Moser,1962-04-27,Male
939,913,Kailash Satyarthi,1954-01-11,Male
940,914,Malala Yousafzai,1997-07-12,Female
941,906,Isamu Akasaki,1929-01-30,Male
942,906,Isamu Akasaki,1929-01-30,Male
943,907,Hiroshi Amano,1960-09-11,Male
944,908,Shuji Nakamura,1954-05-22,Male
945,921,Tomas Lindahl,1938-01-28,Male
946,921,Tomas Lindahl,1938-01-28,Male
947,922,Paul Modrich,1946-06-13,Male
948,922,Paul Modrich,1946-06-13,Male
949,923,Aziz Sancar,1946-09-08,Male
950,926,Angus Deaton,1945-10-19,Male
951,924,Svetlana Alexievich,1948-05-31,Female
952,916,William C. Campbell,1930-06-28,Male
953,917,Satoshi Ōmura,1935-07-12,Male
954,918,Youyou Tu,1930-12-30,Female
955,925,National Dialogue Quartet,,
956,919,Takaaki Kajita,1959-03-09,Male
957,920,Arthur B. McDonald,1943-08-29,Male
958,931,Jean-Pierre Sauvage,1944-10-21,Male
959,932,Sir J. Fraser Stoddart,1942-05-24,Male
960,933,Bernard L. Feringa,1951-05-18,Male
961,935,Oliver Hart,1948-10-09,Male
962,936,Bengt Holmström,1949-04-18,Male
963,937,Bob Dylan,1941-05-24,Male
964,927,Yoshinori Ohsumi,1945-02-09,Male
965,934,Juan Manuel Santos,1951-08-10,Male
966,928,David J. Thouless,1934-09-21,Male
967,929,F. Duncan M. Haldane,1951-09-14,Male
968,930,J. Michael Kosterlitz,1943-06-22,Male
